index,n,m,k,l,N,M,K,L,PaperLabel
1,"(0,0)","(0,0,0,0)","(0,0)","(0,0,0,0)","(0,0,0,0,0,0)","(0,0,0,0,0,0)","(0,0,0,0,0,0)","(0,0,0,0,0,0)",I-I
2,"(0,0)","(1,0,1,0)","(0,0)","(1,0,1,0)","(0,0,0,0,0,0)","(1,0,0,0,0,0)","(0,0,0,0,0,0)","(1,0,0,0,0,0)",II-II
3,"(0,0)","(1,0,1,0)","(1,0)","(1,0,1,1)","(0,0,0,0,0,0)","(0,0,0,0,1,0)","(1,0,0,0,0,0)","(0,1,0,0,0,0)",II-IV
4,"(1,0)","(1,0,1,1)","(0,0)","(1,0,1,0)","(1,0,0,0,0,0)","(0,1,0,0,0,0)","(0,0,0,0,0,0)","(0,0,0,0,1,0)",IV-II
5,"(0,0)","(1,1,1,1)","(0,0)","(1,1,1,1)","(0,0,0,0,0,0)","(1,1,0,0,0,0)","(0,0,0,0,0,0)","(1,1,0,0,0,0)",III-III
6,"(0,0)","(1,1,1,1)","(1,0)","(1,0,1,1)","(0,0,0,0,0,0)","(0,1,0,1,0,0)","(1,0,0,0,0,0)","(0,1,0,0,0,0)",III-IV
7,"(1,0)","(1,0,1,1)","(0,0)","(1,1,1,1)","(1,0,0,0,0,0)","(0,1,0,0,0,0)","(0,0,0,0,0,0)","(0,1,0,1,0,0)",IV-III
8,"(1,0)","(1,0,1,1)","(1,0)","(1,0,1,1)","(0,1,0,0,0,0)","(0,0,0,1,0,0)","(0,1,0,0,0,0)","(0,0,0,1,0,0)",IV-IV.1
9,"(1,0)","(1,0,1,1)","(1,0)","(1,0,1,1)","(0,1,0,0,0,0)","(0,0,0,0,1,0)","(0,1,0,0,0,0)","(0,0,0,0,1,0)",IV-IV.2
10,"(1,0)","(1,0,1,1)","(1,0)","(1,0,1,1)","(0,0,0,1,0,0)","(0,1,0,0,0,0)","(0,0,0,1,0,0)","(0,1,0,0,0,0)",IV-IV.7
11,"(1,0)","(1,0,1,1)","(1,0)","(1,0,1,1)","(0,0,0,1,0,0)","(0,0,0,0,1,0)","(0,0,0,0,1,0)","(0,1,0,0,0,0)",IV-IV.3
12,"(1,0)","(1,0,1,1)","(1,0)","(1,0,1,1)","(0,0,0,0,1,0)","(0,1,0,0,0,0)","(0,0,0,1,0,0)","(0,0,0,0,1,0)",IV-IV.4
13,"(1,0)","(1,0,1,1)","(1,0)","(1,0,1,1)","(0,0,0,0,1,0)","(0,0,0,1,0,0)","(0,0,0,0,1,0)","(0,0,0,1,0,0)",IV-IV.5
14,"(1,0)","(1,0,1,1)","(1,0)","(1,0,1,1)","(0,0,0,0,1,0)","(0,0,0,0,0,1)","(0,0,0,0,1,0)","(0,0,0,0,0,1)",IV-IV.6
15,"(1,0)","(1,0,1,1)","(1,1)","(1,1,1,1)","(1,0,0,0,0,0)","(0,0,1,0,0,0)","(0,0,0,1,1,0)","(0,1,0,0,1,0)",IV-V.1
16,"(1,1)","(1,1,1,1)","(1,0)","(1,0,1,1)","(0,0,0,1,1,0)","(0,1,0,0,1,0)","(1,0,0,0,0,0)","(0,0,1,0,0,0)",V-IV.1
17,"(1,0)","(1,0,1,1)","(1,1)","(1,1,1,1)","(1,0,0,0,0,0)","(0,0,0,0,1,0)","(0,0,0,1,1,0)","(0,1,0,1,0,0)",IV-V.2
18,"(1,1)","(1,1,1,1)","(1,0)","(1,0,1,1)","(0,0,0,1,1,0)","(0,1,0,1,0,0)","(1,0,0,0,0,0)","(0,0,0,0,1,0)",V-IV.2
19,"(1,0)","(1,0,1,1)","(1,1)","(1,1,1,1)","(0,0,1,0,0,0)","(1,0,0,0,0,0)","(0,1,0,0,1,0)","(0,0,0,1,1,0)",IV-V.3
20,"(1,1)","(1,1,1,1)","(1,0)","(1,0,1,1)","(0,1,0,0,1,0)","(0,0,0,1,1,0)","(0,0,1,0,0,0)","(1,0,0,0,0,0)",V-IV.3
21,"(1,0)","(1,0,1,1)","(1,1)","(1,1,1,1)","(0,0,1,0,0,0)","(0,0,0,0,1,0)","(0,1,0,1,0,0)","(0,0,0,1,1,0)",IV-V.4
22,"(1,1)","(1,1,1,1)","(1,0)","(1,0,1,1)","(0,1,0,1,0,0)","(0,0,0,1,1,0)","(0,0,1,0,0,0)","(0,0,0,0,1,0)",V-IV.4
23,"(1,0)","(1,0,1,1)","(1,1)","(1,1,1,1)","(0,0,0,0,1,0)","(1,0,0,0,0,0)","(0,1,0,0,1,0)","(0,1,0,1,0,0)",IV-V.5
24,"(1,1)","(1,1,1,1)","(1,0)","(1,0,1,1)","(0,1,0,0,1,0)","(0,1,0,1,0,0)","(0,0,0,0,1,0)","(1,0,0,0,0,0)",V-IV.5
25,"(1,0)","(1,0,1,1)","(1,1)","(1,1,1,1)","(0,0,0,0,1,0)","(0,0,1,0,0,0)","(0,1,0,1,0,0)","(0,1,0,0,1,0)",IV-V.6
26,"(1,1)","(1,1,1,1)","(1,0)","(1,0,1,1)","(0,1,0,1,0,0)","(0,1,0,0,1,0)","(0,0,0,0,1,0)","(0,0,1,0,0,0)",V-IV.6
27,"(1,1)","(1,1,1,1)","(1,1)","(1,1,1,1)","(1,0,1,0,0,0)","(1,0,0,0,1,0)","(1,0,1,0,0,0)","(1,0,0,0,1,0)",V-V.1
28,"(1,1)","(1,1,1,1)","(1,1)","(1,1,1,1)","(1,0,1,0,0,0)","(0,0,1,0,1,0)","(1,0,0,0,1,0)","(1,0,1,0,0,0)",V-V.2
29,"(1,1)","(1,1,1,1)","(1,1)","(1,1,1,1)","(1,0,0,0,1,0)","(1,0,1,0,0,0)","(1,0,1,0,0,0)","(0,0,1,0,1,0)",V-V.3
30,"(1,1)","(1,1,1,1)","(1,1)","(1,1,1,1)","(1,0,0,0,1,0)","(0,0,0,1,1,0)","(1,0,0,0,1,0)","(0,0,0,1,1,0)",V-V.4
31,"(1,1)","(1,1,1,1)","(1,1)","(1,1,1,1)","(0,0,1,0,1,0)","(1,0,1,0,0,0)","(0,0,1,0,1,0)","(1,0,1,0,0,0)",V-V.5
32,"(1,1)","(1,1,1,1)","(1,1)","(1,1,1,1)","(0,0,1,0,1,0)","(1,0,0,0,1,0)","(0,0,1,0,1,0)","(1,0,0,0,1,0)",V-V.6
33,"(1,1)","(1,1,0,0)","(1,1)","(1,1,0,0)","(1,1,0,0,0,0)","(0,0,1,1,0,0)","(1,1,0,0,0,0)","(0,0,1,1,0,0)",VI-VI.1
34,"(1,1)","(1,1,0,0)","(1,1)","(1,1,0,0)","(1,1,0,0,0,0)","(0,0,1,0,1,0)","(1,1,0,0,0,0)","(0,0,1,0,1,0)",VI-VI.2
35,"(1,1)","(1,1,0,0)","(1,1)","(1,1,0,0)","(1,1,0,0,0,0)","(0,0,0,0,1,1)","(1,1,0,0,0,0)","(0,0,0,0,1,1)",VI-VI.3
36,"(1,1)","(1,1,0,0)","(1,1)","(1,1,0,0)","(1,0,1,0,0,0)","(0,1,0,1,0,0)","(1,0,1,0,0,0)","(0,1,0,1,0,0)",VI-VI.4
37,"(1,1)","(1,1,0,0)","(1,1)","(1,1,0,0)","(1,0,1,0,0,0)","(0,1,0,0,1,0)","(1,0,1,0,0,0)","(0,1,0,0,1,0)",VI-VI
38,"(1,1)","(1,1,0,0)","(1,1)","(1,1,0,0)","(1,0,1,0,0,0)","(0,0,0,1,1,0)","(1,0,0,0,1,0)","(0,1,1,0,0,0)",VI-VI.6
39,"(1,1)","(1,1,0,0)","(1,1)","(1,1,0,0)","(1,0,1,0,0,0)","(0,0,0,0,1,1)","(1,0,0,0,1,0)","(0,1,0,0,0,1)",VI-VI.7
40,"(1,1)","(1,1,0,0)","(1,1)","(1,1,0,0)","(1,0,0,0,1,0)","(0,1,1,0,0,0)","(1,0,1,0,0,0)","(0,0,0,1,1,0)",VI-VI.8
41,"(1,1)","(1,1,0,0)","(1,1)","(1,1,0,0)","(1,0,0,0,1,0)","(0,1,0,0,0,1)","(1,0,1,0,0,0)","(0,0,0,0,1,1)",VI-VI.9
42,"(1,1)","(1,1,0,0)","(1,1)","(1,1,0,0)","(1,0,0,0,1,0)","(0,0,1,1,0,0)","(1,0,0,0,1,0)","(0,0,1,1,0,0)",VI-VI.20
43,"(1,1)","(1,1,0,0)","(1,1)","(1,1,0,0)","(1,0,0,0,1,0)","(0,0,1,0,0,1)","(1,0,0,0,1,0)","(0,0,1,0,0,1)",VI-VI.21
44,"(1,1)","(1,1,0,0)","(1,1)","(1,1,0,0)","(0,0,1,1,0,0)","(1,1,0,0,0,0)","(0,0,1,1,0,0)","(1,1,0,0,0,0)",VI-VI.10
45,"(1,1)","(1,1,0,0)","(1,1)","(1,1,0,0)","(0,0,1,1,0,0)","(1,0,0,0,1,0)","(0,0,1,0,1,0)","(1,1,0,0,0,0)",VI-VI.11
46,"(1,1)","(1,1,0,0)","(1,1)","(1,1,0,0)","(0,0,1,1,0,0)","(0,0,0,0,1,1)","(0,0,0,0,1,1)","(1,1,0,0,0,0)",VI-VI.12
47,"(1,1)","(1,1,0,0)","(1,1)","(1,1,0,0)","(0,0,1,0,1,0)","(1,1,0,0,0,0)","(0,0,1,1,0,0)","(1,0,0,0,1,0)",VI-VI.13
48,"(1,1)","(1,1,0,0)","(1,1)","(1,1,0,0)","(0,0,1,0,1,0)","(1,0,0,1,0,0)","(0,0,1,0,1,0)","(1,0,0,1,0,0)",VI-VI.14
49,"(1,1)","(1,1,0,0)","(1,1)","(1,1,0,0)","(0,0,1,0,1,0)","(1,0,0,0,0,1)","(0,0,1,0,1,0)","(1,0,0,0,0,1)",VI-VI.15
50,"(1,1)","(1,1,0,0)","(1,1)","(1,1,0,0)","(0,0,1,0,1,0)","(0,0,0,1,0,1)","(0,0,0,0,1,1)","(1,0,1,0,0,0)",VI-VI.16
51,"(1,1)","(1,1,0,0)","(1,1)","(1,1,0,0)","(0,0,0,0,1,1)","(1,1,0,0,0,0)","(0,0,1,1,0,0)","(0,0,0,0,1,1)",VI-VI.17
52,"(1,1)","(1,1,0,0)","(1,1)","(1,1,0,0)","(0,0,0,0,1,1)","(1,0,1,0,0,0)","(0,0,1,0,1,0)","(0,0,0,1,0,1)",VI-VI.18
53,"(1,1)","(1,1,0,0)","(1,1)","(1,1,0,0)","(0,0,0,0,1,1)","(0,0,1,1,0,0)","(0,0,0,0,1,1)","(0,0,1,1,0,0)",VI-VI.19
