stefan_index,n12,m3456,k12,l3456,N,M,K,L,modular_invariant,failed_constraints,equivalent_to_code_solution
1,"(0, 0)","(0, 0, 0, 0)","(0, 0)","(0, 0, 0, 0)","(0, 0, 0, 0, 0, 0)","(0, 0, 0, 0, 0, 0)","(0, 0, 0, 0, 0, 0)","(0, 0, 0, 0, 0, 0)",True,,2
2,"(0, 0)","(1, 0, 1, 0)","(0, 0)","(1, 0, 1, 0)","(0, 0, 0, 0, 0, 0)","(1, 0, 0, 0, 0, 0)","(0, 0, 0, 0, 0, 0)","(1, 0, 0, 0, 0, 0)",True,,1
3,"(0, 0)","(1, 0, 1, 0)","(1, 0)","(1, 0, 1, 1)","(0, 0, 0, 0, 0, 0)","(0, 0, 0, 0, 1, 0)","(1, 0, 0, 0, 0, 0)","(0, 1, 0, 0, 0, 0)",True,,3
4,"(1, 0)","(1, 0, 1, 1)","(0, 0)","(1, 0, 1, 0)","(1, 0, 0, 0, 0, 0)","(0, 1, 0, 0, 0, 0)","(0, 0, 0, 0, 0, 0)","(0, 0, 0, 0, 1, 0)",True,,4
5,"(0, 0)","(1, 1, 1, 1)","(0, 0)","(1, 1, 1, 1)","(0, 0, 0, 0, 0, 0)","(1, 1, 0, 0, 0, 0)","(0, 0, 0, 0, 0, 0)","(1, 1, 0, 0, 0, 0)",True,,13
6,"(0, 0)","(1, 1, 1, 1)","(1, 0)","(1, 0, 1, 1)","(0, 0, 0, 0, 0, 0)","(0, 1, 0, 1, 0, 0)","(1, 0, 0, 0, 0, 0)","(0, 1, 0, 0, 0, 0)",True,,16
7,"(1, 0)","(1, 0, 1, 1)","(0, 0)","(1, 1, 1, 1)","(1, 0, 0, 0, 0, 0)","(0, 1, 0, 0, 0, 0)","(0, 0, 0, 0, 0, 0)","(0, 1, 0, 1, 0, 0)",True,,5
8,"(1, 0)","(1, 0, 1, 1)","(1, 0)","(1, 0, 1, 1)","(0, 1, 0, 0, 0, 0)","(0, 0, 0, 1, 0, 0)","(0, 1, 0, 0, 0, 0)","(0, 0, 0, 1, 0, 0)",True,,25
9,"(1, 0)","(1, 0, 1, 1)","(1, 0)","(1, 0, 1, 1)","(0, 1, 0, 0, 0, 0)","(0, 0, 0, 0, 1, 0)","(0, 1, 0, 0, 0, 0)","(0, 0, 0, 0, 1, 0)",True,,9
10,"(1, 0)","(1, 0, 1, 1)","(1, 0)","(1, 0, 1, 1)","(0, 0, 0, 1, 0, 0)","(0, 0, 0, 0, 1, 0)","(0, 0, 0, 0, 1, 0)","(0, 1, 0, 0, 0, 0)",True,,7
11,"(1, 0)","(1, 0, 1, 1)","(1, 0)","(1, 0, 1, 1)","(0, 0, 0, 0, 1, 0)","(0, 1, 0, 0, 0, 0)","(0, 0, 0, 1, 0, 0)","(0, 0, 0, 0, 1, 0)",True,,27
12,"(1, 0)","(1, 0, 1, 1)","(1, 0)","(1, 0, 1, 1)","(0, 0, 0, 0, 1, 0)","(0, 0, 0, 1, 0, 0)","(0, 0, 0, 0, 1, 0)","(0, 0, 0, 1, 0, 0)",True,,20
13,"(1, 0)","(1, 0, 1, 1)","(1, 0)","(1, 0, 1, 1)","(0, 0, 0, 0, 1, 0)","(0, 0, 0, 0, 0, 1)","(0, 0, 0, 0, 1, 0)","(0, 0, 0, 0, 0, 1)",True,,6
14,"(1, 0)","(1, 0, 1, 1)","(1, 1)","(1, 1, 1, 1)","(1, 0, 0, 0, 0, 0)","(0, 0, 1, 0, 0, 0)","(0, 0, 0, 1, 1, 0)","(0, 1, 0, 0, 1, 0)",True,,34
15,"(1, 1)","(1, 1, 1, 1)","(1, 0)","(1, 0, 1, 1)","(0, 0, 0, 1, 1, 0)","(0, 1, 0, 0, 1, 0)","(1, 0, 0, 0, 0, 0)","(0, 0, 1, 0, 0, 0)",True,,15
16,"(1, 0)","(1, 0, 1, 1)","(1, 1)","(1, 1, 1, 1)","(1, 0, 0, 0, 0, 0)","(0, 0, 0, 0, 1, 0)","(0, 0, 0, 1, 1, 0)","(0, 1, 0, 1, 0, 0)",True,,8
17,"(1, 1)","(1, 1, 1, 1)","(1, 0)","(1, 0, 1, 1)","(0, 0, 0, 1, 1, 0)","(0, 1, 0, 1, 0, 0)","(1, 0, 0, 0, 0, 0)","(0, 0, 0, 0, 1, 0)",True,,14
18,"(1, 0)","(1, 0, 1, 1)","(1, 1)","(1, 1, 1, 1)","(0, 0, 1, 0, 0, 0)","(1, 0, 0, 0, 0, 0)","(0, 1, 0, 0, 1, 0)","(0, 0, 0, 1, 1, 0)",True,,22
19,"(1, 1)","(1, 1, 1, 1)","(1, 0)","(1, 0, 1, 1)","(0, 1, 0, 0, 1, 0)","(0, 0, 0, 1, 1, 0)","(0, 0, 1, 0, 0, 0)","(1, 0, 0, 0, 0, 0)",True,,43
20,"(1, 0)","(1, 0, 1, 1)","(1, 1)","(1, 1, 1, 1)","(0, 0, 1, 0, 0, 0)","(0, 0, 0, 0, 1, 0)","(0, 1, 0, 1, 0, 0)","(0, 0, 0, 1, 1, 0)",True,,11
21,"(1, 1)","(1, 1, 1, 1)","(1, 0)","(1, 0, 1, 1)","(0, 1, 0, 1, 0, 0)","(0, 0, 0, 1, 1, 0)","(0, 0, 1, 0, 0, 0)","(0, 0, 0, 0, 1, 0)",True,,36
22,"(1, 0)","(1, 0, 1, 1)","(1, 1)","(1, 1, 1, 1)","(0, 0, 0, 0, 1, 0)","(1, 0, 0, 0, 0, 0)","(0, 1, 0, 0, 1, 0)","(0, 1, 0, 1, 0, 0)",True,,21
23,"(1, 1)","(1, 1, 1, 1)","(1, 0)","(1, 0, 1, 1)","(0, 1, 0, 0, 1, 0)","(0, 1, 0, 1, 0, 0)","(0, 0, 0, 0, 1, 0)","(1, 0, 0, 0, 0, 0)",True,,18
24,"(1, 0)","(1, 0, 1, 1)","(1, 1)","(1, 1, 1, 1)","(0, 0, 0, 0, 1, 0)","(0, 0, 1, 0, 0, 0)","(0, 1, 0, 1, 0, 0)","(0, 1, 0, 0, 1, 0)",True,,35
25,"(1, 1)","(1, 1, 1, 1)","(1, 0)","(1, 0, 1, 1)","(0, 1, 0, 1, 0, 0)","(0, 1, 0, 0, 1, 0)","(0, 0, 0, 0, 1, 0)","(0, 0, 1, 0, 0, 0)",True,,17
26,"(1, 1)","(1, 1, 1, 1)","(1, 1)","(1, 1, 1, 1)","(1, 0, 1, 0, 0, 0)","(1, 0, 0, 0, 1, 0)","(1, 0, 1, 0, 0, 0)","(1, 0, 0, 0, 1, 0)",True,,48
27,"(1, 1)","(1, 1, 1, 1)","(1, 1)","(1, 1, 1, 1)","(1, 0, 1, 0, 0, 0)","(0, 0, 1, 0, 1, 0)","(1, 0, 0, 0, 1, 0)","(1, 0, 1, 0, 0, 0)",True,,32
28,"(1, 1)","(1, 1, 1, 1)","(1, 1)","(1, 1, 1, 1)","(1, 0, 0, 0, 1, 0)","(1, 0, 1, 0, 0, 0)","(1, 0, 1, 0, 0, 0)","(0, 0, 1, 0, 1, 0)",True,,54
29,"(1, 1)","(1, 1, 1, 1)","(1, 1)","(1, 1, 1, 1)","(1, 0, 0, 0, 1, 0)","(0, 0, 0, 1, 1, 0)","(1, 0, 0, 0, 1, 0)","(0, 0, 0, 1, 1, 0)",True,,38
30,"(1, 1)","(1, 1, 1, 1)","(1, 1)","(1, 1, 1, 1)","(0, 0, 1, 0, 1, 0)","(1, 0, 1, 0, 0, 0)","(0, 0, 1, 0, 1, 0)","(1, 0, 1, 0, 0, 0)",True,,52
31,"(1, 1)","(1, 1, 1, 1)","(1, 1)","(1, 1, 1, 1)","(0, 0, 1, 0, 1, 0)","(1, 0, 0, 0, 1, 0)","(0, 0, 1, 0, 1, 0)","(1, 0, 0, 0, 1, 0)",True,,51
32,"(1, 1)","(1, 1, 1, 1)","(1, 1)","(1, 1, 1, 1)","(0, 0, 1, 0, 1, 0)","(1, 0, 1, 0, 0, 0)","(0, 0, 1, 0, 1, 0)","(1, 0, 1, 0, 0, 0)",True,,52
33,"(1, 1)","(1, 1, 1, 1)","(1, 1)","(1, 1, 1, 1)","(0, 0, 1, 0, 1, 0)","(1, 0, 0, 0, 1, 0)","(0, 0, 1, 0, 1, 0)","(1, 0, 0, 0, 1, 0)",True,,51
34,"(1, 1)","(1, 1, 0, 0)","(1, 1)","(1, 1, 0, 0)","(1, 1, 0, 0, 0, 0)","(0, 0, 1, 1, 0, 0)","(1, 1, 0, 0, 0, 0)","(0, 0, 1, 1, 0, 0)",True,,24
35,"(1, 1)","(1, 1, 0, 0)","(1, 1)","(1, 1, 0, 0)","(1, 1, 0, 0, 0, 0)","(0, 0, 1, 0, 1, 0)","(1, 1, 0, 0, 0, 0)","(0, 0, 1, 0, 1, 0)",True,,42
36,"(1, 1)","(1, 1, 0, 0)","(1, 1)","(1, 1, 0, 0)","(1, 1, 0, 0, 0, 0)","(0, 0, 0, 0, 1, 1)","(1, 1, 0, 0, 0, 0)","(0, 0, 0, 0, 1, 1)",True,,47
37,"(1, 1)","(1, 1, 0, 0)","(1, 1)","(1, 1, 0, 0)","(1, 0, 1, 0, 0, 0)","(0, 1, 0, 1, 0, 0)","(1, 0, 1, 0, 0, 0)","(0, 1, 0, 1, 0, 0)",True,,53
38,"(1, 1)","(1, 1, 0, 0)","(1, 1)","(1, 1, 0, 0)","(1, 0, 1, 0, 0, 0)","(0, 1, 0, 0, 1, 0)","(1, 0, 1, 0, 0, 0)","(0, 1, 0, 0, 1, 0)",True,,49
39,"(1, 1)","(1, 1, 0, 0)","(1, 1)","(1, 1, 0, 0)","(1, 0, 1, 0, 0, 0)","(0, 0, 0, 1, 1, 0)","(1, 0, 0, 0, 1, 0)","(0, 1, 1, 0, 0, 0)",True,,33
40,"(1, 1)","(1, 1, 0, 0)","(1, 1)","(1, 1, 0, 0)","(1, 0, 1, 0, 0, 0)","(0, 0, 0, 0, 1, 1)","(1, 0, 0, 0, 1, 0)","(0, 1, 0, 0, 0, 1)",True,,29
41,"(1, 1)","(1, 1, 0, 0)","(1, 1)","(1, 1, 0, 0)","(1, 0, 0, 0, 1, 0)","(0, 1, 1, 0, 0, 0)","(1, 0, 1, 0, 0, 0)","(0, 0, 0, 1, 1, 0)",True,,44
42,"(1, 1)","(1, 1, 0, 0)","(1, 1)","(1, 1, 0, 0)","(1, 0, 0, 0, 1, 0)","(0, 1, 0, 0, 0, 1)","(1, 0, 1, 0, 0, 0)","(0, 0, 0, 0, 1, 1)",True,,46
43,"(1, 1)","(1, 1, 0, 0)","(1, 1)","(1, 1, 0, 0)","(0, 0, 1, 1, 0, 0)","(1, 1, 0, 0, 0, 0)","(0, 0, 1, 1, 0, 0)","(1, 1, 0, 0, 0, 0)",True,,56
44,"(1, 1)","(1, 1, 0, 0)","(1, 1)","(1, 1, 0, 0)","(0, 0, 1, 1, 0, 0)","(1, 0, 0, 0, 1, 0)","(0, 0, 1, 0, 1, 0)","(1, 1, 0, 0, 0, 0)",True,,55
45,"(1, 1)","(1, 1, 0, 0)","(1, 1)","(1, 1, 0, 0)","(0, 0, 1, 1, 0, 0)","(0, 0, 0, 0, 1, 1)","(0, 0, 0, 0, 1, 1)","(1, 1, 0, 0, 0, 0)",True,,30
46,"(1, 1)","(1, 1, 0, 0)","(1, 1)","(1, 1, 0, 0)","(0, 0, 1, 0, 1, 0)","(1, 1, 0, 0, 0, 0)","(0, 0, 1, 1, 0, 0)","(1, 0, 0, 0, 1, 0)",True,,26
47,"(1, 1)","(1, 1, 0, 0)","(1, 1)","(1, 1, 0, 0)","(0, 0, 1, 0, 1, 0)","(1, 0, 0, 1, 0, 0)","(0, 0, 1, 0, 1, 0)","(1, 0, 0, 1, 0, 0)",True,,58
48,"(1, 1)","(1, 1, 0, 0)","(1, 1)","(1, 1, 0, 0)","(0, 0, 1, 0, 1, 0)","(1, 0, 0, 0, 0, 1)","(0, 0, 1, 0, 1, 0)","(1, 0, 0, 0, 0, 1)",True,,50
49,"(1, 1)","(1, 1, 0, 0)","(1, 1)","(1, 1, 0, 0)","(0, 0, 1, 0, 1, 0)","(0, 0, 0, 1, 0, 1)","(0, 0, 0, 0, 1, 1)","(1, 0, 1, 0, 0, 0)",True,,37
50,"(1, 1)","(1, 1, 0, 0)","(1, 1)","(1, 1, 0, 0)","(0, 0, 0, 0, 1, 1)","(1, 1, 0, 0, 0, 0)","(0, 0, 1, 1, 0, 0)","(0, 0, 0, 0, 1, 1)",True,,57
51,"(1, 1)","(1, 1, 0, 0)","(1, 1)","(1, 1, 0, 0)","(0, 0, 0, 0, 1, 1)","(1, 0, 1, 0, 0, 0)","(0, 0, 1, 0, 1, 0)","(0, 0, 0, 1, 0, 1)",True,,45
52,"(1, 1)","(1, 1, 0, 0)","(1, 1)","(1, 1, 0, 0)","(0, 0, 0, 0, 1, 1)","(0, 0, 1, 1, 0, 0)","(0, 0, 0, 0, 1, 1)","(0, 0, 1, 1, 0, 0)",True,,41
