code_solution_index,n12,m3456,k12,l3456,N,M,K,L,mapped_stefan_index
1,"(0, 0)","(1, 0, 1, 0)","(0, 0)","(1, 0, 1, 0)","(0, 0, 0, 0, 0, 0)","(1, 0, 0, 0, 0, 0)","(0, 0, 0, 0, 0, 0)","(1, 0, 0, 0, 0, 0)",2
2,"(0, 0)","(0, 0, 0, 0)","(0, 0)","(0, 0, 0, 0)","(0, 0, 0, 0, 0, 0)","(0, 0, 0, 0, 0, 0)","(0, 0, 0, 0, 0, 0)","(0, 0, 0, 0, 0, 0)",1
3,"(0, 0)","(1, 0, 1, 0)","(1, 0)","(1, 0, 1, 1)","(0, 0, 0, 0, 0, 0)","(0, 0, 0, 0, 0, 1)","(0, 1, 0, 0, 0, 0)","(1, 0, 0, 0, 0, 0)",3
4,"(1, 0)","(1, 0, 1, 1)","(0, 0)","(1, 0, 1, 0)","(0, 1, 0, 0, 0, 0)","(1, 0, 0, 0, 0, 0)","(0, 0, 0, 0, 0, 0)","(0, 0, 0, 0, 1, 0)",4
5,"(1, 0)","(1, 0, 1, 1)","(0, 0)","(1, 1, 1, 1)","(0, 1, 0, 0, 0, 0)","(1, 0, 0, 0, 0, 0)","(0, 0, 0, 0, 0, 0)","(0, 1, 0, 1, 0, 0)",7
6,"(1, 0)","(1, 0, 1, 1)","(1, 0)","(1, 0, 1, 1)","(0, 0, 0, 0, 0, 1)","(0, 0, 0, 0, 1, 0)","(0, 0, 0, 0, 0, 1)","(0, 0, 0, 0, 1, 0)",13
7,"(1, 0)","(1, 0, 1, 1)","(1, 0)","(1, 0, 1, 1)","(0, 0, 0, 1, 0, 0)","(0, 0, 0, 0, 1, 0)","(0, 0, 0, 0, 1, 0)","(0, 1, 0, 0, 0, 0)",10
8,"(1, 0)","(1, 0, 1, 1)","(1, 1)","(1, 1, 1, 1)","(1, 0, 0, 0, 0, 0)","(0, 0, 0, 0, 1, 0)","(0, 0, 0, 1, 0, 1)","(0, 1, 0, 1, 0, 0)",16
9,"(1, 0)","(1, 0, 1, 1)","(1, 0)","(1, 0, 1, 1)","(0, 1, 0, 0, 0, 0)","(0, 0, 0, 0, 1, 0)","(0, 1, 0, 0, 0, 0)","(0, 0, 0, 0, 0, 1)",9
10,"(1, 0)","(1, 0, 1, 1)","(1, 1)","(1, 1, 0, 0)","(0, 0, 0, 0, 0, 1)","(0, 0, 0, 0, 1, 0)","(0, 1, 0, 1, 0, 0)","(0, 1, 0, 1, 0, 0)",UNMATCHED
11,"(1, 0)","(1, 0, 1, 1)","(1, 1)","(1, 1, 1, 1)","(0, 0, 1, 0, 0, 0)","(0, 0, 0, 0, 1, 0)","(0, 1, 0, 1, 0, 0)","(0, 0, 0, 1, 0, 1)",20
12,"(1, 1)","(1, 1, 0, 0)","(0, 0)","(1, 1, 1, 1)","(1, 1, 0, 0, 0, 0)","(1, 1, 0, 0, 0, 0)","(0, 0, 0, 0, 0, 0)","(0, 0, 0, 0, 1, 1)",UNMATCHED
13,"(0, 0)","(1, 1, 1, 1)","(0, 0)","(1, 1, 1, 1)","(0, 0, 0, 0, 0, 0)","(1, 1, 0, 0, 0, 0)","(0, 0, 0, 0, 0, 0)","(1, 1, 0, 0, 0, 0)",5
14,"(1, 1)","(1, 1, 1, 1)","(1, 0)","(1, 0, 1, 1)","(0, 0, 0, 1, 0, 1)","(0, 1, 0, 1, 0, 0)","(1, 0, 0, 0, 0, 0)","(0, 0, 0, 0, 0, 1)",17
15,"(1, 1)","(1, 1, 1, 1)","(1, 0)","(1, 0, 1, 1)","(0, 0, 0, 1, 1, 0)","(0, 1, 0, 0, 1, 0)","(1, 0, 0, 0, 0, 0)","(0, 0, 0, 1, 0, 0)",15
16,"(0, 0)","(1, 1, 1, 1)","(1, 0)","(1, 0, 1, 1)","(0, 0, 0, 0, 0, 0)","(0, 1, 0, 1, 0, 0)","(1, 0, 0, 0, 0, 0)","(0, 1, 0, 0, 0, 0)",6
17,"(1, 1)","(1, 1, 1, 1)","(1, 0)","(1, 0, 1, 1)","(0, 1, 0, 1, 0, 0)","(0, 1, 0, 0, 0, 1)","(0, 0, 0, 0, 0, 1)","(0, 0, 1, 0, 0, 0)",25
18,"(1, 1)","(1, 1, 1, 1)","(1, 0)","(1, 0, 1, 1)","(0, 1, 0, 0, 0, 1)","(0, 1, 0, 1, 0, 0)","(0, 0, 0, 0, 0, 1)","(0, 1, 0, 0, 0, 0)",23
19,"(1, 1)","(1, 1, 0, 0)","(1, 0)","(1, 0, 1, 1)","(0, 1, 0, 1, 0, 0)","(0, 1, 0, 1, 0, 0)","(0, 0, 0, 0, 0, 1)","(0, 0, 0, 0, 1, 0)",UNMATCHED
20,"(1, 0)","(1, 0, 1, 1)","(1, 0)","(1, 0, 1, 1)","(0, 0, 0, 0, 0, 1)","(0, 0, 0, 1, 0, 0)","(0, 0, 0, 0, 1, 0)","(0, 0, 0, 1, 0, 0)",12
21,"(1, 0)","(1, 0, 1, 1)","(1, 1)","(1, 1, 1, 1)","(0, 0, 0, 0, 0, 1)","(0, 1, 0, 0, 0, 0)","(0, 1, 0, 0, 1, 0)","(0, 1, 0, 1, 0, 0)",22
22,"(1, 0)","(1, 0, 1, 1)","(1, 1)","(1, 1, 1, 1)","(0, 0, 0, 1, 0, 0)","(0, 1, 0, 0, 0, 0)","(0, 1, 0, 0, 0, 1)","(0, 0, 0, 1, 0, 1)",18
23,"(0, 0)","(1, 1, 1, 1)","(1, 1)","(1, 1, 0, 0)","(0, 0, 0, 0, 0, 0)","(0, 0, 0, 0, 1, 1)","(1, 1, 0, 0, 0, 0)","(1, 1, 0, 0, 0, 0)",UNMATCHED
24,"(1, 1)","(1, 1, 0, 0)","(1, 1)","(1, 1, 0, 0)","(1, 1, 0, 0, 0, 0)","(0, 0, 1, 1, 0, 0)","(1, 1, 0, 0, 0, 0)","(0, 0, 1, 1, 0, 0)",34
25,"(1, 0)","(1, 0, 1, 1)","(1, 0)","(1, 0, 1, 1)","(0, 1, 0, 0, 0, 0)","(0, 0, 0, 1, 0, 0)","(0, 1, 0, 0, 0, 0)","(0, 0, 0, 1, 0, 0)",8
26,"(1, 1)","(1, 1, 0, 0)","(1, 1)","(1, 1, 0, 0)","(0, 0, 0, 1, 0, 1)","(1, 1, 0, 0, 0, 0)","(0, 0, 1, 1, 0, 0)","(1, 0, 0, 0, 1, 0)",46
27,"(1, 0)","(1, 0, 1, 1)","(1, 0)","(1, 0, 1, 1)","(0, 0, 0, 0, 1, 0)","(0, 1, 0, 0, 0, 0)","(0, 0, 0, 1, 0, 0)","(0, 0, 0, 0, 0, 1)",11
28,"(1, 0)","(1, 0, 1, 1)","(1, 0)","(1, 0, 1, 1)","(0, 0, 0, 1, 0, 0)","(0, 1, 0, 0, 0, 0)","(0, 0, 0, 1, 0, 0)","(0, 1, 0, 0, 0, 0)",UNMATCHED
29,"(1, 1)","(1, 1, 0, 0)","(1, 1)","(1, 1, 0, 0)","(0, 1, 0, 1, 0, 0)","(0, 0, 0, 0, 1, 1)","(1, 0, 0, 0, 1, 0)","(0, 1, 0, 0, 0, 1)",40
30,"(1, 1)","(1, 1, 0, 0)","(1, 1)","(1, 1, 0, 0)","(0, 0, 1, 1, 0, 0)","(0, 0, 0, 0, 1, 1)","(0, 0, 0, 0, 1, 1)","(1, 1, 0, 0, 0, 0)",45
31,"(1, 1)","(1, 1, 0, 0)","(1, 1)","(1, 1, 0, 0)","(0, 0, 0, 0, 1, 1)","(0, 0, 0, 0, 1, 1)","(0, 0, 0, 0, 1, 1)","(0, 0, 0, 0, 1, 1)",UNMATCHED
32,"(1, 1)","(1, 1, 1, 1)","(1, 1)","(1, 1, 1, 1)","(0, 1, 0, 1, 0, 0)","(0, 0, 0, 1, 0, 1)","(1, 0, 0, 0, 1, 0)","(1, 0, 1, 0, 0, 0)",27
33,"(1, 1)","(1, 1, 0, 0)","(1, 1)","(1, 1, 0, 0)","(0, 1, 1, 0, 0, 0)","(0, 0, 0, 1, 0, 1)","(0, 1, 0, 0, 1, 0)","(1, 0, 1, 0, 0, 0)",39
34,"(1, 0)","(1, 0, 1, 1)","(1, 1)","(1, 1, 1, 1)","(1, 0, 0, 0, 0, 0)","(0, 0, 0, 1, 0, 0)","(0, 0, 0, 1, 1, 0)","(0, 1, 0, 0, 1, 0)",14
35,"(1, 0)","(1, 0, 1, 1)","(1, 1)","(1, 1, 1, 1)","(0, 0, 0, 0, 0, 1)","(0, 0, 1, 0, 0, 0)","(0, 1, 0, 1, 0, 0)","(0, 1, 0, 0, 0, 1)",24
36,"(1, 1)","(1, 1, 1, 1)","(1, 0)","(1, 0, 1, 1)","(0, 1, 0, 1, 0, 0)","(0, 0, 0, 1, 0, 1)","(0, 0, 1, 0, 0, 0)","(0, 0, 0, 0, 1, 0)",21
37,"(1, 1)","(1, 1, 0, 0)","(1, 1)","(1, 1, 0, 0)","(0, 0, 1, 0, 0, 1)","(0, 0, 0, 1, 1, 0)","(0, 0, 0, 0, 1, 1)","(0, 1, 0, 1, 0, 0)",49
38,"(1, 1)","(1, 1, 1, 1)","(1, 1)","(1, 1, 1, 1)","(1, 0, 0, 0, 1, 0)","(0, 0, 0, 1, 1, 0)","(0, 1, 0, 0, 1, 0)","(0, 0, 1, 0, 1, 0)",29
39,"(1, 1)","(1, 1, 0, 0)","(1, 1)","(1, 1, 0, 0)","(1, 0, 0, 0, 1, 0)","(0, 0, 1, 0, 0, 1)","(0, 1, 0, 0, 0, 1)","(0, 0, 1, 0, 1, 0)",UNMATCHED
40,"(1, 1)","(1, 1, 0, 0)","(1, 1)","(1, 1, 0, 0)","(1, 0, 0, 0, 1, 0)","(0, 0, 1, 1, 0, 0)","(0, 1, 0, 0, 0, 1)","(0, 0, 1, 1, 0, 0)",UNMATCHED
41,"(1, 1)","(1, 1, 0, 0)","(1, 1)","(1, 1, 0, 0)","(0, 0, 0, 0, 1, 1)","(0, 0, 1, 1, 0, 0)","(0, 0, 0, 0, 1, 1)","(0, 0, 1, 1, 0, 0)",52
42,"(1, 1)","(1, 1, 0, 0)","(1, 1)","(1, 1, 0, 0)","(1, 1, 0, 0, 0, 0)","(0, 0, 1, 0, 0, 1)","(1, 1, 0, 0, 0, 0)","(0, 0, 0, 1, 1, 0)",35
43,"(1, 1)","(1, 1, 1, 1)","(1, 0)","(1, 0, 1, 1)","(0, 1, 0, 0, 1, 0)","(0, 0, 0, 1, 1, 0)","(0, 0, 0, 1, 0, 0)","(0, 1, 0, 0, 0, 0)",19
44,"(1, 1)","(1, 1, 0, 0)","(1, 1)","(1, 1, 0, 0)","(0, 1, 0, 0, 0, 1)","(1, 0, 1, 0, 0, 0)","(1, 0, 1, 0, 0, 0)","(0, 0, 0, 1, 0, 1)",41
45,"(1, 1)","(1, 1, 0, 0)","(1, 1)","(1, 1, 0, 0)","(0, 0, 0, 0, 1, 1)","(1, 0, 1, 0, 0, 0)","(0, 0, 1, 0, 1, 0)","(0, 0, 0, 1, 0, 1)",51
46,"(1, 1)","(1, 1, 0, 0)","(1, 1)","(1, 1, 0, 0)","(0, 1, 0, 0, 1, 0)","(1, 0, 0, 0, 0, 1)","(1, 0, 1, 0, 0, 0)","(0, 0, 0, 0, 1, 1)",42
47,"(1, 1)","(1, 1, 0, 0)","(1, 1)","(1, 1, 0, 0)","(1, 1, 0, 0, 0, 0)","(0, 0, 0, 0, 1, 1)","(1, 1, 0, 0, 0, 0)","(0, 0, 0, 0, 1, 1)",36
48,"(1, 1)","(1, 1, 1, 1)","(1, 1)","(1, 1, 1, 1)","(1, 0, 0, 1, 0, 0)","(1, 0, 0, 0, 0, 1)","(1, 0, 0, 1, 0, 0)","(1, 0, 0, 0, 0, 1)",26
49,"(1, 1)","(1, 1, 0, 0)","(1, 1)","(1, 1, 0, 0)","(0, 1, 1, 0, 0, 0)","(1, 0, 0, 0, 1, 0)","(0, 1, 0, 1, 0, 0)","(1, 0, 0, 0, 0, 1)",38
50,"(1, 1)","(1, 1, 0, 0)","(1, 1)","(1, 1, 0, 0)","(0, 0, 1, 0, 1, 0)","(1, 0, 0, 0, 0, 1)","(0, 0, 0, 1, 1, 0)","(1, 0, 0, 0, 0, 1)",48
51,"(1, 1)","(1, 1, 1, 1)","(1, 1)","(1, 1, 1, 1)","(0, 0, 0, 1, 0, 1)","(1, 0, 0, 0, 0, 1)","(0, 0, 0, 1, 0, 1)","(1, 0, 0, 0, 0, 1)","31,33"
52,"(1, 1)","(1, 1, 1, 1)","(1, 1)","(1, 1, 1, 1)","(0, 0, 0, 1, 0, 1)","(1, 0, 0, 1, 0, 0)","(0, 0, 0, 1, 1, 0)","(1, 0, 0, 1, 0, 0)","30,32"
53,"(1, 1)","(1, 1, 0, 0)","(1, 1)","(1, 1, 0, 0)","(1, 0, 0, 1, 0, 0)","(0, 1, 1, 0, 0, 0)","(0, 1, 1, 0, 0, 0)","(1, 0, 0, 1, 0, 0)",37
54,"(1, 1)","(1, 1, 1, 1)","(1, 1)","(1, 1, 1, 1)","(0, 1, 0, 0, 0, 1)","(0, 1, 0, 1, 0, 0)","(0, 1, 0, 1, 0, 0)","(0, 0, 0, 1, 0, 1)",28
55,"(1, 1)","(1, 1, 0, 0)","(1, 1)","(1, 1, 0, 0)","(0, 0, 1, 1, 0, 0)","(1, 0, 0, 0, 1, 0)","(0, 0, 0, 1, 1, 0)","(1, 1, 0, 0, 0, 0)",44
56,"(1, 1)","(1, 1, 0, 0)","(1, 1)","(1, 1, 0, 0)","(0, 0, 1, 1, 0, 0)","(1, 1, 0, 0, 0, 0)","(0, 0, 1, 1, 0, 0)","(1, 1, 0, 0, 0, 0)",43
57,"(1, 1)","(1, 1, 0, 0)","(1, 1)","(1, 1, 0, 0)","(0, 0, 0, 0, 1, 1)","(1, 1, 0, 0, 0, 0)","(0, 0, 1, 1, 0, 0)","(0, 0, 0, 0, 1, 1)",50
58,"(1, 1)","(1, 1, 0, 0)","(1, 1)","(1, 1, 0, 0)","(0, 0, 0, 1, 1, 0)","(0, 1, 1, 0, 0, 0)","(0, 0, 0, 1, 0, 1)","(1, 0, 1, 0, 0, 0)",47
