index,n,m,k,l,N,M,K,L,PaperLabel,TwistBasis,Unique,IsRepresentative,ClassRepresentative,EquivalentTo,RelabellingToRepresentative,EquivalenceNotes
1,"(0,0)","(0,0,0,0)","(0,0)","(0,0,0,0)","(0,0,0,0,0,0)","(0,0,0,0,0,0)","(0,0,0,0,0,0)","(0,0,0,0,0,0)",I-I,b1 ; b2 ; b`1 ; b`2,yes,yes,I-I,,,unique -- no other configuration in the list is equivalent to it
2,"(0,0)","(1,0,1,0)","(0,0)","(1,0,1,0)","(0,0,0,0,0,0)","(1,0,0,0,0,0)","(0,0,0,0,0,0)","(1,0,0,0,0,0)",II-II,b1 ; b2 + e35`1 ; b`1 ; b`2 + e1`3`5,yes,yes,II-II,,,unique -- no other configuration in the list is equivalent to it
3,"(0,0)","(1,0,1,0)","(1,0)","(1,0,1,1)","(0,0,0,0,0,0)","(0,0,0,0,1,0)","(1,0,0,0,0,0)","(0,1,0,0,0,0)",II-IV,b1 ; b2 + e35`5 ; b`1 + e1`1 ; b`2 + e2`3`5`6,yes,yes,II-IV,,,unique -- no other configuration in the list is equivalent to it
4,"(1,0)","(1,0,1,1)","(0,0)","(1,0,1,0)","(1,0,0,0,0,0)","(0,1,0,0,0,0)","(0,0,0,0,0,0)","(0,0,0,0,1,0)",IV-II,b1 + e1`1 ; b2 + e356`2 ; b`1 ; b`2 + e5`3`5,yes,yes,IV-II,,,unique -- no other configuration in the list is equivalent to it
5,"(0,0)","(1,1,1,1)","(0,0)","(1,1,1,1)","(0,0,0,0,0,0)","(1,1,0,0,0,0)","(0,0,0,0,0,0)","(1,1,0,0,0,0)",III-III,b1 ; b2 + e3456`1`2 ; b`1 ; b`2 + e12`3`4`5`6,yes,yes,III-III,,,unique -- no other configuration in the list is equivalent to it
6,"(0,0)","(1,1,1,1)","(1,0)","(1,0,1,1)","(0,0,0,0,0,0)","(0,1,0,1,0,0)","(1,0,0,0,0,0)","(0,1,0,0,0,0)",III-IV,b1 ; b2 + e3456`2`4 ; b`1 + e1`1 ; b`2 + e2`3`5`6,yes,yes,III-IV,,,unique -- no other configuration in the list is equivalent to it
7,"(1,0)","(1,0,1,1)","(0,0)","(1,1,1,1)","(1,0,0,0,0,0)","(0,1,0,0,0,0)","(0,0,0,0,0,0)","(0,1,0,1,0,0)",IV-III,b1 + e1`1 ; b2 + e356`2 ; b`1 ; b`2 + e24`3`4`5`6,yes,yes,IV-III,,,unique -- no other configuration in the list is equivalent to it
8,"(1,0)","(1,0,1,1)","(1,0)","(1,0,1,1)","(0,1,0,0,0,0)","(0,0,0,1,0,0)","(0,1,0,0,0,0)","(0,0,0,1,0,0)",IV-IV.1,b1 + e1`2 ; b2 + e356`4 ; b`1 + e2`1 ; b`2 + e4`3`5`6,no,yes,IV-IV.1,IV-IV.7,,class representative; equivalent model(s) in this list: IV-IV.7
9,"(1,0)","(1,0,1,1)","(1,0)","(1,0,1,1)","(0,1,0,0,0,0)","(0,0,0,0,1,0)","(0,1,0,0,0,0)","(0,0,0,0,1,0)",IV-IV.2,b1 + e1`2 ; b2 + e356`5 ; b`1 + e2`1 ; b`2 + e5`3`5`6,no,yes,IV-IV.2,"IV-IV.3, IV-IV.4, IV-IV.5",,"class representative; equivalent model(s) in this list: IV-IV.3, IV-IV.4, IV-IV.5"
10,"(1,0)","(1,0,1,1)","(1,0)","(1,0,1,1)","(0,0,0,1,0,0)","(0,1,0,0,0,0)","(0,0,0,1,0,0)","(0,1,0,0,0,0)",IV-IV.7,b1 + e1`4 ; b2 + e356`2 ; b`1 + e4`1 ; b`2 + e2`3`5`6,no,no,IV-IV.1,IV-IV.1,"left: identity  |  right: 1->3, 2->4, 3->1, 4->2 ; y<->w on 56","= IV-IV.1.  E2/E3 permutation -- holomorphic: identity; anti-holomorphic: 1->3, 2->4, 3->1, 4->2 ; y<->w on 56.  E1 change of basis (E = 1+S+Sb) -- B1b -> B2b; B2b -> B1b (B1, B2 unchanged)"
11,"(1,0)","(1,0,1,1)","(1,0)","(1,0,1,1)","(0,0,0,1,0,0)","(0,0,0,0,1,0)","(0,0,0,0,1,0)","(0,1,0,0,0,0)",IV-IV.3,b1 + e1`4 ; b2 + e356`5 ; b`1 + e5`1 ; b`2 + e2`3`5`6,no,no,IV-IV.2,"IV-IV.2, IV-IV.4, IV-IV.5","left: identity  |  right: 1->3, 2->4, 3->1, 4->2 ; y<->w on 56","= IV-IV.2.  E2/E3 permutation -- holomorphic: identity; anti-holomorphic: 1->3, 2->4, 3->1, 4->2 ; y<->w on 56.  E1 change of basis (E = 1+S+Sb) -- B1b -> B2b; B2b -> B1b (B1, B2 unchanged)"
12,"(1,0)","(1,0,1,1)","(1,0)","(1,0,1,1)","(0,0,0,0,1,0)","(0,1,0,0,0,0)","(0,0,0,1,0,0)","(0,0,0,0,1,0)",IV-IV.4,b1 + e1`5 ; b2 + e356`2 ; b`1 + e4`1 ; b`2 + e5`3`5`6,no,no,IV-IV.2,"IV-IV.2, IV-IV.3, IV-IV.5","left: 1->3, 2->4, 3->1, 4->2 ; y<->w on 56  |  right: identity","= IV-IV.2.  E2/E3 permutation -- holomorphic: 1->3, 2->4, 3->1, 4->2 ; y<->w on 56; anti-holomorphic: identity.  E1 change of basis (E = 1+S+Sb) -- B1 -> B2; B2 -> B1 (B1b, B2b unchanged)"
13,"(1,0)","(1,0,1,1)","(1,0)","(1,0,1,1)","(0,0,0,0,1,0)","(0,0,0,1,0,0)","(0,0,0,0,1,0)","(0,0,0,1,0,0)",IV-IV.5,b1 + e1`5 ; b2 + e356`4 ; b`1 + e5`1 ; b`2 + e4`3`5`6,no,no,IV-IV.2,"IV-IV.2, IV-IV.3, IV-IV.4","left: 1->3, 2->4, 3->1, 4->2 ; y<->w on 56  |  right: 1->3, 2->4, 3->1, 4->2 ; y<->w on 56","= IV-IV.2.  E2/E3 permutation -- holomorphic and anti-holomorphic indices both: 1->3, 2->4, 3->1, 4->2 ; y<->w on 56.  E1 change of basis (E = 1+S+Sb) -- B1 -> B2; B2 -> B1; B1b -> B2b; B2b -> B1b"
14,"(1,0)","(1,0,1,1)","(1,0)","(1,0,1,1)","(0,0,0,0,1,0)","(0,0,0,0,0,1)","(0,0,0,0,1,0)","(0,0,0,0,0,1)",IV-IV.6,b1 + e1`5 ; b2 + e356`6 ; b`1 + e5`1 ; b`2 + e6`3`5`6,yes,yes,IV-IV.6,,,unique -- no other configuration in the list is equivalent to it
15,"(1,0)","(1,0,1,1)","(1,1)","(1,1,1,1)","(1,0,0,0,0,0)","(0,0,1,0,0,0)","(0,0,0,1,1,0)","(0,1,0,0,1,0)",IV-V.1,b1 + e1`1 ; b2 + e356`3 ; b`1 + e45`1`2 ; b`2 + e25`3`4`5`6,no,yes,IV-V.1,"IV-V.2, IV-V.3, IV-V.4, IV-V.5, IV-V.6",,"class representative; equivalent model(s) in this list: IV-V.2, IV-V.3, IV-V.4, IV-V.5, IV-V.6"
16,"(1,1)","(1,1,1,1)","(1,0)","(1,0,1,1)","(0,0,0,1,1,0)","(0,1,0,0,1,0)","(1,0,0,0,0,0)","(0,0,1,0,0,0)",V-IV.1,b1 + e12`4`5 ; b2 + e3456`2`5 ; b`1 + e1`1 ; b`2 + e3`3`5`6,no,yes,V-IV.1,"V-IV.2, V-IV.3, V-IV.4, V-IV.5, V-IV.6",,"class representative; equivalent model(s) in this list: V-IV.2, V-IV.3, V-IV.4, V-IV.5, V-IV.6"
17,"(1,0)","(1,0,1,1)","(1,1)","(1,1,1,1)","(1,0,0,0,0,0)","(0,0,0,0,1,0)","(0,0,0,1,1,0)","(0,1,0,1,0,0)",IV-V.2,b1 + e1`1 ; b2 + e356`5 ; b`1 + e45`1`2 ; b`2 + e24`3`4`5`6,no,no,IV-V.1,"IV-V.1, IV-V.3, IV-V.4, IV-V.5, IV-V.6","left: identity  |  right: 3->5, 4->6, 5->3, 6->4 ; y<->w on 12","= IV-V.1.  E2/E3 permutation -- holomorphic: identity; anti-holomorphic: 3->5, 4->6, 5->3, 6->4 ; y<->w on 12.  E1 change of basis (E = 1+S+Sb) -- B2b -> B1b + B2b (B1, B2, B1b unchanged)"
18,"(1,1)","(1,1,1,1)","(1,0)","(1,0,1,1)","(0,0,0,1,1,0)","(0,1,0,1,0,0)","(1,0,0,0,0,0)","(0,0,0,0,1,0)",V-IV.2,b1 + e12`4`5 ; b2 + e3456`2`4 ; b`1 + e1`1 ; b`2 + e5`3`5`6,no,no,V-IV.1,"V-IV.1, V-IV.3, V-IV.4, V-IV.5, V-IV.6","left: 3->5, 4->6, 5->3, 6->4 ; y<->w on 12  |  right: identity","= V-IV.1.  E2/E3 permutation -- holomorphic: 3->5, 4->6, 5->3, 6->4 ; y<->w on 12; anti-holomorphic: identity.  E1 change of basis (E = 1+S+Sb) -- B2 -> B1 + B2 (B1, B1b, B2b unchanged)"
19,"(1,0)","(1,0,1,1)","(1,1)","(1,1,1,1)","(0,0,1,0,0,0)","(1,0,0,0,0,0)","(0,1,0,0,1,0)","(0,0,0,1,1,0)",IV-V.3,b1 + e1`3 ; b2 + e356`1 ; b`1 + e25`1`2 ; b`2 + e45`3`4`5`6,no,no,IV-V.1,"IV-V.1, IV-V.2, IV-V.4, IV-V.5, IV-V.6","left: identity  |  right: 1->3, 2->4, 3->1, 4->2 ; y<->w on 56","= IV-V.1.  E2/E3 permutation -- holomorphic: identity; anti-holomorphic: 1->3, 2->4, 3->1, 4->2 ; y<->w on 56.  E1 change of basis (E = 1+S+Sb) -- B1b -> B2b; B2b -> B1b (B1, B2 unchanged)"
20,"(1,1)","(1,1,1,1)","(1,0)","(1,0,1,1)","(0,1,0,0,1,0)","(0,0,0,1,1,0)","(0,0,1,0,0,0)","(1,0,0,0,0,0)",V-IV.3,b1 + e12`2`5 ; b2 + e3456`4`5 ; b`1 + e3`1 ; b`2 + e1`3`5`6,no,no,V-IV.1,"V-IV.1, V-IV.2, V-IV.4, V-IV.5, V-IV.6","left: identity  |  right: 1->3, 2->4, 3->1, 4->2 ; y<->w on 56","= V-IV.1.  E2/E3 permutation -- holomorphic: identity; anti-holomorphic: 1->3, 2->4, 3->1, 4->2 ; y<->w on 56.  E1 change of basis (E = 1+S+Sb) -- B1b -> B2b; B2b -> B1b (B1, B2 unchanged)"
21,"(1,0)","(1,0,1,1)","(1,1)","(1,1,1,1)","(0,0,1,0,0,0)","(0,0,0,0,1,0)","(0,1,0,1,0,0)","(0,0,0,1,1,0)",IV-V.4,b1 + e1`3 ; b2 + e356`5 ; b`1 + e24`1`2 ; b`2 + e45`3`4`5`6,no,no,IV-V.1,"IV-V.1, IV-V.2, IV-V.3, IV-V.5, IV-V.6","left: identity  |  right: 1->5, 2->6, 3->1, 4->2, 5->3, 6->4 ; y<->w on 3456","= IV-V.1.  E2/E3 permutation -- holomorphic: identity; anti-holomorphic: 1->5, 2->6, 3->1, 4->2, 5->3, 6->4 ; y<->w on 3456.  E1 change of basis (E = 1+S+Sb) -- B1b -> B1b + B2b; B2b -> B1b (B1, B2 unchanged)"
22,"(1,1)","(1,1,1,1)","(1,0)","(1,0,1,1)","(0,1,0,1,0,0)","(0,0,0,1,1,0)","(0,0,1,0,0,0)","(0,0,0,0,1,0)",V-IV.4,b1 + e12`2`4 ; b2 + e3456`4`5 ; b`1 + e3`1 ; b`2 + e5`3`5`6,no,no,V-IV.1,"V-IV.1, V-IV.2, V-IV.3, V-IV.5, V-IV.6","left: 1->5, 2->6, 3->1, 4->2, 5->3, 6->4 ; y<->w on 3456  |  right: identity","= V-IV.1.  E2/E3 permutation -- holomorphic: 1->5, 2->6, 3->1, 4->2, 5->3, 6->4 ; y<->w on 3456; anti-holomorphic: identity.  E1 change of basis (E = 1+S+Sb) -- B1 -> B1 + B2; B2 -> B1 (B1b, B2b unchanged)"
23,"(1,0)","(1,0,1,1)","(1,1)","(1,1,1,1)","(0,0,0,0,1,0)","(1,0,0,0,0,0)","(0,1,0,0,1,0)","(0,1,0,1,0,0)",IV-V.5,b1 + e1`5 ; b2 + e356`1 ; b`1 + e25`1`2 ; b`2 + e24`3`4`5`6,no,no,IV-V.1,"IV-V.1, IV-V.2, IV-V.3, IV-V.4, IV-V.6","left: identity  |  right: 1->3, 2->4, 3->5, 4->6, 5->1, 6->2 ; y<->w on 1234","= IV-V.1.  E2/E3 permutation -- holomorphic: identity; anti-holomorphic: 1->3, 2->4, 3->5, 4->6, 5->1, 6->2 ; y<->w on 1234.  E1 change of basis (E = 1+S+Sb) -- B1b -> B2b; B2b -> B1b + B2b (B1, B2 unchanged)"
24,"(1,1)","(1,1,1,1)","(1,0)","(1,0,1,1)","(0,1,0,0,1,0)","(0,1,0,1,0,0)","(0,0,0,0,1,0)","(1,0,0,0,0,0)",V-IV.5,b1 + e12`2`5 ; b2 + e3456`2`4 ; b`1 + e5`1 ; b`2 + e1`3`5`6,no,no,V-IV.1,"V-IV.1, V-IV.2, V-IV.3, V-IV.4, V-IV.6","left: 3->5, 4->6, 5->3, 6->4 ; y<->w on 12  |  right: 1->3, 2->4, 3->1, 4->2 ; y<->w on 56","= V-IV.1.  E2/E3 permutation -- holomorphic: 3->5, 4->6, 5->3, 6->4 ; y<->w on 12; anti-holomorphic: 1->3, 2->4, 3->1, 4->2 ; y<->w on 56.  E1 change of basis (E = 1+S+Sb) -- B2 -> B1 + B2; B1b -> B2b; B2b -> B1b (B1 unchanged)"
25,"(1,0)","(1,0,1,1)","(1,1)","(1,1,1,1)","(0,0,0,0,1,0)","(0,0,1,0,0,0)","(0,1,0,1,0,0)","(0,1,0,0,1,0)",IV-V.6,b1 + e1`5 ; b2 + e356`3 ; b`1 + e24`1`2 ; b`2 + e25`3`4`5`6,no,no,IV-V.1,"IV-V.1, IV-V.2, IV-V.3, IV-V.4, IV-V.5","left: identity  |  right: 1->5, 2->6, 5->1, 6->2 ; y<->w on 123456","= IV-V.1.  E2/E3 permutation -- holomorphic: identity; anti-holomorphic: 1->5, 2->6, 5->1, 6->2 ; y<->w on 123456.  E1 change of basis (E = 1+S+Sb) -- B1b -> B1b + B2b (B1, B2, B2b unchanged)"
26,"(1,1)","(1,1,1,1)","(1,0)","(1,0,1,1)","(0,1,0,1,0,0)","(0,1,0,0,1,0)","(0,0,0,0,1,0)","(0,0,1,0,0,0)",V-IV.6,b1 + e12`2`4 ; b2 + e3456`2`5 ; b`1 + e5`1 ; b`2 + e3`3`5`6,no,no,V-IV.1,"V-IV.1, V-IV.2, V-IV.3, V-IV.4, V-IV.5","left: 1->5, 2->6, 3->1, 4->2, 5->3, 6->4 ; y<->w on 3456  |  right: 1->3, 2->4, 3->1, 4->2 ; y<->w on 56","= V-IV.1.  E2/E3 permutation -- holomorphic: 1->5, 2->6, 3->1, 4->2, 5->3, 6->4 ; y<->w on 3456; anti-holomorphic: 1->3, 2->4, 3->1, 4->2 ; y<->w on 56.  E1 change of basis (E = 1+S+Sb) -- B1 -> B1 + B2; B2 -> B1; B1b -> B2b; B2b -> B1b"
27,"(1,1)","(1,1,1,1)","(1,1)","(1,1,1,1)","(1,0,1,0,0,0)","(1,0,0,0,1,0)","(1,0,1,0,0,0)","(1,0,0,0,1,0)",V-V.1,b1 + e12`1`3 ; b2 + e3456`1`5 ; b`1 + e13`1`2 ; b`2 + e15`3`4`5`6,no,yes,V-V.1,"V-V.2, V-V.3, V-V.4, V-V.5, V-V.6",,"class representative; equivalent model(s) in this list: V-V.2, V-V.3, V-V.4, V-V.5, V-V.6"
28,"(1,1)","(1,1,1,1)","(1,1)","(1,1,1,1)","(1,0,1,0,0,0)","(0,0,1,0,1,0)","(1,0,0,0,1,0)","(1,0,1,0,0,0)",V-V.2,b1 + e12`1`3 ; b2 + e3456`3`5 ; b`1 + e15`1`2 ; b`2 + e13`3`4`5`6,no,no,V-V.1,"V-V.1, V-V.3, V-V.4, V-V.5, V-V.6","left: identity  |  right: 1->3, 2->4, 3->1, 4->2 ; y<->w on 56","= V-V.1.  E2/E3 permutation -- holomorphic: identity; anti-holomorphic: 1->3, 2->4, 3->1, 4->2 ; y<->w on 56.  E1 change of basis (E = 1+S+Sb) -- B1b -> B2b; B2b -> B1b (B1, B2 unchanged)"
29,"(1,1)","(1,1,1,1)","(1,1)","(1,1,1,1)","(1,0,0,0,1,0)","(1,0,1,0,0,0)","(1,0,1,0,0,0)","(0,0,1,0,1,0)",V-V.3,b1 + e12`1`5 ; b2 + e3456`1`3 ; b`1 + e13`1`2 ; b`2 + e35`3`4`5`6,no,no,V-V.1,"V-V.1, V-V.2, V-V.4, V-V.5, V-V.6","left: identity  |  right: 3->5, 4->6, 5->3, 6->4 ; y<->w on 12","= V-V.1.  E2/E3 permutation -- holomorphic: identity; anti-holomorphic: 3->5, 4->6, 5->3, 6->4 ; y<->w on 12.  E1 change of basis (E = 1+S+Sb) -- B2b -> B1b + B2b (B1, B2, B1b unchanged)"
30,"(1,1)","(1,1,1,1)","(1,1)","(1,1,1,1)","(1,0,0,0,1,0)","(0,0,0,1,1,0)","(1,0,0,0,1,0)","(0,0,0,1,1,0)",V-V.4,b1 + e12`1`5 ; b2 + e3456`4`5 ; b`1 + e15`1`2 ; b`2 + e45`3`4`5`6,no,no,V-V.1,"V-V.1, V-V.2, V-V.3, V-V.5, V-V.6","left: 3->4, 4->3  |  right: 1->3, 2->4, 3->6, 4->5, 5->1, 6->2 ; y<->w on 1234","= V-V.1.  E2/E3 permutation -- holomorphic: 3->4, 4->3; anti-holomorphic: 1->3, 2->4, 3->6, 4->5, 5->1, 6->2 ; y<->w on 1234.  E1 change of basis (E = 1+S+Sb) -- B1b -> B2b; B2b -> B1b + B2b (B1, B2 unchanged)"
31,"(1,1)","(1,1,1,1)","(1,1)","(1,1,1,1)","(0,0,1,0,1,0)","(1,0,1,0,0,0)","(0,0,1,0,1,0)","(1,0,1,0,0,0)",V-V.5,b1 + e12`3`5 ; b2 + e3456`1`3 ; b`1 + e35`1`2 ; b`2 + e13`3`4`5`6,no,no,V-V.1,"V-V.1, V-V.2, V-V.3, V-V.4, V-V.6","left: identity  |  right: 1->5, 2->6, 3->1, 4->2, 5->3, 6->4 ; y<->w on 3456","= V-V.1.  E2/E3 permutation -- holomorphic: identity; anti-holomorphic: 1->5, 2->6, 3->1, 4->2, 5->3, 6->4 ; y<->w on 3456.  E1 change of basis (E = 1+S+Sb) -- B1b -> B1b + B2b; B2b -> B1b (B1, B2 unchanged)"
32,"(1,1)","(1,1,1,1)","(1,1)","(1,1,1,1)","(0,0,1,0,1,0)","(1,0,0,0,1,0)","(0,0,1,0,1,0)","(1,0,0,0,1,0)",V-V.6,b1 + e12`3`5 ; b2 + e3456`1`5 ; b`1 + e35`1`2 ; b`2 + e15`3`4`5`6,no,no,V-V.1,"V-V.1, V-V.2, V-V.3, V-V.4, V-V.5","left: identity  |  right: 1->5, 2->6, 5->1, 6->2 ; y<->w on 123456","= V-V.1.  E2/E3 permutation -- holomorphic: identity; anti-holomorphic: 1->5, 2->6, 5->1, 6->2 ; y<->w on 123456.  E1 change of basis (E = 1+S+Sb) -- B1b -> B1b + B2b (B1, B2, B2b unchanged)"
33,"(1,1)","(1,1,0,0)","(1,1)","(1,1,0,0)","(1,1,0,0,0,0)","(0,0,1,1,0,0)","(1,1,0,0,0,0)","(0,0,1,1,0,0)",VI-VI.1,b1 + e12`1`2 ; b2 + e34`3`4 ; b`1 + e12`1`2 ; b`2 + e34`3`4,no,yes,VI-VI.1,"VI-VI.3, VI-VI.10, VI-VI.12, VI-VI.17, VI-VI.19",,"class representative; equivalent model(s) in this list: VI-VI.3, VI-VI.10, VI-VI.12, VI-VI.17, VI-VI.19"
34,"(1,1)","(1,1,0,0)","(1,1)","(1,1,0,0)","(1,1,0,0,0,0)","(0,0,1,0,1,0)","(1,1,0,0,0,0)","(0,0,1,0,1,0)",VI-VI.2,b1 + e12`1`2 ; b2 + e34`3`5 ; b`1 + e12`1`2 ; b`2 + e35`3`4,no,yes,VI-VI.2,"VI-VI.4, VI-VI.7, VI-VI.9, VI-VI.20, VI-VI.11, VI-VI.13, VI-VI.16, VI-VI.18",,"class representative; equivalent model(s) in this list: VI-VI.4, VI-VI.7, VI-VI.9, VI-VI.20, VI-VI.11, VI-VI.13, VI-VI.16, VI-VI.18"
35,"(1,1)","(1,1,0,0)","(1,1)","(1,1,0,0)","(1,1,0,0,0,0)","(0,0,0,0,1,1)","(1,1,0,0,0,0)","(0,0,0,0,1,1)",VI-VI.3,b1 + e12`1`2 ; b2 + e34`5`6 ; b`1 + e12`1`2 ; b`2 + e56`3`4,no,no,VI-VI.1,"VI-VI.1, VI-VI.10, VI-VI.12, VI-VI.17, VI-VI.19","left: identity  |  right: 3->5, 4->6, 5->3, 6->4","= VI-VI.1.  E2/E3 permutation -- holomorphic: identity; anti-holomorphic: 3->5, 4->6, 5->3, 6->4.  E1 change of basis (E = 1+S+Sb) -- B2b -> B1b + B2b + E (B1, B2, B1b unchanged)"
36,"(1,1)","(1,1,0,0)","(1,1)","(1,1,0,0)","(1,0,1,0,0,0)","(0,1,0,1,0,0)","(1,0,1,0,0,0)","(0,1,0,1,0,0)",VI-VI.4,b1 + e12`1`3 ; b2 + e34`2`4 ; b`1 + e13`1`2 ; b`2 + e24`3`4,no,no,VI-VI.2,"VI-VI.2, VI-VI.7, VI-VI.9, VI-VI.20, VI-VI.11, VI-VI.13, VI-VI.16, VI-VI.18","left: 1->3, 2->4, 3->5, 4->6, 5->1, 6->2  |  right: 1->3, 2->4, 3->5, 4->6, 5->1, 6->2","= VI-VI.2.  E2/E3 permutation -- holomorphic and anti-holomorphic indices both: 1->3, 2->4, 3->5, 4->6, 5->1, 6->2.  E1 change of basis (E = 1+S+Sb) -- B1 -> B2; B2 -> B1 + B2 + E; B1b -> B2b; B2b -> B1b + B2b + E"
37,"(1,1)","(1,1,0,0)","(1,1)","(1,1,0,0)","(1,0,1,0,0,0)","(0,1,0,0,1,0)","(1,0,1,0,0,0)","(0,1,0,0,1,0)",VI-VI,b1 + e12`1`3 ; b2 + e34`2`5 ; b`1 + e13`1`2 ; b`2 + e25`3`4,no,yes,VI-VI,"VI-VI.6, VI-VI.8, VI-VI.21, VI-VI.14, VI-VI.15",,"class representative; equivalent model(s) in this list: VI-VI.6, VI-VI.8, VI-VI.21, VI-VI.14, VI-VI.15"
38,"(1,1)","(1,1,0,0)","(1,1)","(1,1,0,0)","(1,0,1,0,0,0)","(0,0,0,1,1,0)","(1,0,0,0,1,0)","(0,1,1,0,0,0)",VI-VI.6,b1 + e12`1`3 ; b2 + e34`4`5 ; b`1 + e15`1`2 ; b`2 + e23`3`4,no,no,VI-VI,"VI-VI, VI-VI.8, VI-VI.21, VI-VI.14, VI-VI.15","left: 3->5, 4->6, 5->3, 6->4  |  right: 5->6, 6->5","= VI-VI.  E2/E3 permutation -- holomorphic: 3->5, 4->6, 5->3, 6->4; anti-holomorphic: 5->6, 6->5.  E1 change of basis (E = 1+S+Sb) -- B2 -> B1 + B2 + E (B1, B1b, B2b unchanged)"
39,"(1,1)","(1,1,0,0)","(1,1)","(1,1,0,0)","(1,0,1,0,0,0)","(0,0,0,0,1,1)","(1,0,0,0,1,0)","(0,1,0,0,0,1)",VI-VI.7,b1 + e12`1`3 ; b2 + e34`5`6 ; b`1 + e15`1`2 ; b`2 + e26`3`4,no,no,VI-VI.2,"VI-VI.2, VI-VI.4, VI-VI.9, VI-VI.20, VI-VI.11, VI-VI.13, VI-VI.16, VI-VI.18","left: 1->3, 2->4, 3->1, 4->2  |  right: 1->3, 2->4, 3->5, 4->6, 5->1, 6->2","= VI-VI.2.  E2/E3 permutation -- holomorphic: 1->3, 2->4, 3->1, 4->2; anti-holomorphic: 1->3, 2->4, 3->5, 4->6, 5->1, 6->2.  E1 change of basis (E = 1+S+Sb) -- B1 -> B2; B2 -> B1; B1b -> B2b; B2b -> B1b + B2b + E"
40,"(1,1)","(1,1,0,0)","(1,1)","(1,1,0,0)","(1,0,0,0,1,0)","(0,1,1,0,0,0)","(1,0,1,0,0,0)","(0,0,0,1,1,0)",VI-VI.8,b1 + e12`1`5 ; b2 + e34`2`3 ; b`1 + e13`1`2 ; b`2 + e45`3`4,no,no,VI-VI,"VI-VI, VI-VI.6, VI-VI.21, VI-VI.14, VI-VI.15","left: 5->6, 6->5  |  right: 3->5, 4->6, 5->3, 6->4","= VI-VI.  E2/E3 permutation -- holomorphic: 5->6, 6->5; anti-holomorphic: 3->5, 4->6, 5->3, 6->4.  E1 change of basis (E = 1+S+Sb) -- B2b -> B1b + B2b + E (B1, B2, B1b unchanged)"
41,"(1,1)","(1,1,0,0)","(1,1)","(1,1,0,0)","(1,0,0,0,1,0)","(0,1,0,0,0,1)","(1,0,1,0,0,0)","(0,0,0,0,1,1)",VI-VI.9,b1 + e12`1`5 ; b2 + e34`2`6 ; b`1 + e13`1`2 ; b`2 + e56`3`4,no,no,VI-VI.2,"VI-VI.2, VI-VI.4, VI-VI.7, VI-VI.20, VI-VI.11, VI-VI.13, VI-VI.16, VI-VI.18","left: 1->3, 2->4, 3->5, 4->6, 5->1, 6->2  |  right: 1->3, 2->4, 3->1, 4->2","= VI-VI.2.  E2/E3 permutation -- holomorphic: 1->3, 2->4, 3->5, 4->6, 5->1, 6->2; anti-holomorphic: 1->3, 2->4, 3->1, 4->2.  E1 change of basis (E = 1+S+Sb) -- B1 -> B2; B2 -> B1 + B2 + E; B1b -> B2b; B2b -> B1b"
42,"(1,1)","(1,1,0,0)","(1,1)","(1,1,0,0)","(1,0,0,0,1,0)","(0,0,1,1,0,0)","(1,0,0,0,1,0)","(0,0,1,1,0,0)",VI-VI.20,b1 + e12`1`5 ; b2 + e34`3`4 ; b`1 + e15`1`2 ; b`2 + e34`3`4,no,no,VI-VI.2,"VI-VI.2, VI-VI.4, VI-VI.7, VI-VI.9, VI-VI.11, VI-VI.13, VI-VI.16, VI-VI.18","left: 1->3, 2->4, 3->1, 4->2  |  right: 1->3, 2->4, 3->1, 4->2","= VI-VI.2.  E2/E3 permutation -- holomorphic and anti-holomorphic indices both: 1->3, 2->4, 3->1, 4->2.  E1 change of basis (E = 1+S+Sb) -- B1 -> B2; B2 -> B1; B1b -> B2b; B2b -> B1b"
43,"(1,1)","(1,1,0,0)","(1,1)","(1,1,0,0)","(1,0,0,0,1,0)","(0,0,1,0,0,1)","(1,0,0,0,1,0)","(0,0,1,0,0,1)",VI-VI.21,b1 + e12`1`5 ; b2 + e34`3`6 ; b`1 + e15`1`2 ; b`2 + e36`3`4,no,no,VI-VI,"VI-VI, VI-VI.6, VI-VI.8, VI-VI.14, VI-VI.15","left: 3->6, 4->5, 5->3, 6->4  |  right: 3->6, 4->5, 5->3, 6->4","= VI-VI.  E2/E3 permutation -- holomorphic and anti-holomorphic indices both: 3->6, 4->5, 5->3, 6->4.  E1 change of basis (E = 1+S+Sb) -- B2 -> B1 + B2 + E; B2b -> B1b + B2b + E (B1, B1b unchanged)"
44,"(1,1)","(1,1,0,0)","(1,1)","(1,1,0,0)","(0,0,1,1,0,0)","(1,1,0,0,0,0)","(0,0,1,1,0,0)","(1,1,0,0,0,0)",VI-VI.10,b1 + e12`3`4 ; b2 + e34`1`2 ; b`1 + e34`1`2 ; b`2 + e12`3`4,no,no,VI-VI.1,"VI-VI.1, VI-VI.3, VI-VI.12, VI-VI.17, VI-VI.19","left: identity  |  right: 1->3, 2->4, 3->1, 4->2","= VI-VI.1.  E2/E3 permutation -- holomorphic: identity; anti-holomorphic: 1->3, 2->4, 3->1, 4->2.  E1 change of basis (E = 1+S+Sb) -- B1b -> B2b; B2b -> B1b (B1, B2 unchanged)"
45,"(1,1)","(1,1,0,0)","(1,1)","(1,1,0,0)","(0,0,1,1,0,0)","(1,0,0,0,1,0)","(0,0,1,0,1,0)","(1,1,0,0,0,0)",VI-VI.11,b1 + e12`3`4 ; b2 + e34`1`5 ; b`1 + e35`1`2 ; b`2 + e12`3`4,no,no,VI-VI.2,"VI-VI.2, VI-VI.4, VI-VI.7, VI-VI.9, VI-VI.20, VI-VI.13, VI-VI.16, VI-VI.18","left: identity  |  right: 1->3, 2->4, 3->1, 4->2","= VI-VI.2.  E2/E3 permutation -- holomorphic: identity; anti-holomorphic: 1->3, 2->4, 3->1, 4->2.  E1 change of basis (E = 1+S+Sb) -- B1b -> B2b; B2b -> B1b (B1, B2 unchanged)"
46,"(1,1)","(1,1,0,0)","(1,1)","(1,1,0,0)","(0,0,1,1,0,0)","(0,0,0,0,1,1)","(0,0,0,0,1,1)","(1,1,0,0,0,0)",VI-VI.12,b1 + e12`3`4 ; b2 + e34`5`6 ; b`1 + e56`1`2 ; b`2 + e12`3`4,no,no,VI-VI.1,"VI-VI.1, VI-VI.3, VI-VI.10, VI-VI.17, VI-VI.19","left: identity  |  right: 1->5, 2->6, 3->1, 4->2, 5->3, 6->4","= VI-VI.1.  E2/E3 permutation -- holomorphic: identity; anti-holomorphic: 1->5, 2->6, 3->1, 4->2, 5->3, 6->4.  E1 change of basis (E = 1+S+Sb) -- B1b -> B1b + B2b + E; B2b -> B1b (B1, B2 unchanged)"
47,"(1,1)","(1,1,0,0)","(1,1)","(1,1,0,0)","(0,0,1,0,1,0)","(1,1,0,0,0,0)","(0,0,1,1,0,0)","(1,0,0,0,1,0)",VI-VI.13,b1 + e12`3`5 ; b2 + e34`1`2 ; b`1 + e34`1`2 ; b`2 + e15`3`4,no,no,VI-VI.2,"VI-VI.2, VI-VI.4, VI-VI.7, VI-VI.9, VI-VI.20, VI-VI.11, VI-VI.16, VI-VI.18","left: 1->3, 2->4, 3->1, 4->2  |  right: identity","= VI-VI.2.  E2/E3 permutation -- holomorphic: 1->3, 2->4, 3->1, 4->2; anti-holomorphic: identity.  E1 change of basis (E = 1+S+Sb) -- B1 -> B2; B2 -> B1 (B1b, B2b unchanged)"
48,"(1,1)","(1,1,0,0)","(1,1)","(1,1,0,0)","(0,0,1,0,1,0)","(1,0,0,1,0,0)","(0,0,1,0,1,0)","(1,0,0,1,0,0)",VI-VI.14,b1 + e12`3`5 ; b2 + e34`1`4 ; b`1 + e35`1`2 ; b`2 + e14`3`4,no,no,VI-VI,"VI-VI, VI-VI.6, VI-VI.8, VI-VI.21, VI-VI.15","left: 3->4, 4->3, 5->6, 6->5  |  right: 1->5, 2->6, 3->1, 4->2, 5->3, 6->4","= VI-VI.  E2/E3 permutation -- holomorphic: 3->4, 4->3, 5->6, 6->5; anti-holomorphic: 1->5, 2->6, 3->1, 4->2, 5->3, 6->4.  E1 change of basis (E = 1+S+Sb) -- B1b -> B1b + B2b + E; B2b -> B1b (B1, B2 unchanged)"
49,"(1,1)","(1,1,0,0)","(1,1)","(1,1,0,0)","(0,0,1,0,1,0)","(1,0,0,0,0,1)","(0,0,1,0,1,0)","(1,0,0,0,0,1)",VI-VI.15,b1 + e12`3`5 ; b2 + e34`1`6 ; b`1 + e35`1`2 ; b`2 + e16`3`4,no,no,VI-VI,"VI-VI, VI-VI.6, VI-VI.8, VI-VI.21, VI-VI.14","left: 3->6, 4->5, 5->4, 6->3  |  right: 1->6, 2->5, 3->1, 4->2, 5->3, 6->4","= VI-VI.  E2/E3 permutation -- holomorphic: 3->6, 4->5, 5->4, 6->3; anti-holomorphic: 1->6, 2->5, 3->1, 4->2, 5->3, 6->4.  E1 change of basis (E = 1+S+Sb) -- B2 -> B1 + B2 + E; B1b -> B1b + B2b + E; B2b -> B1b (B1 unchanged)"
50,"(1,1)","(1,1,0,0)","(1,1)","(1,1,0,0)","(0,0,1,0,1,0)","(0,0,0,1,0,1)","(0,0,0,0,1,1)","(1,0,1,0,0,0)",VI-VI.16,b1 + e12`3`5 ; b2 + e34`4`6 ; b`1 + e56`1`2 ; b`2 + e13`3`4,no,no,VI-VI.2,"VI-VI.2, VI-VI.4, VI-VI.7, VI-VI.9, VI-VI.20, VI-VI.11, VI-VI.13, VI-VI.18","left: 1->3, 2->4, 3->5, 4->6, 5->1, 6->2  |  right: identity","= VI-VI.2.  E2/E3 permutation -- holomorphic: 1->3, 2->4, 3->5, 4->6, 5->1, 6->2; anti-holomorphic: identity.  E1 change of basis (E = 1+S+Sb) -- B1 -> B2; B2 -> B1 + B2 + E (B1b, B2b unchanged)"
51,"(1,1)","(1,1,0,0)","(1,1)","(1,1,0,0)","(0,0,0,0,1,1)","(1,1,0,0,0,0)","(0,0,1,1,0,0)","(0,0,0,0,1,1)",VI-VI.17,b1 + e12`5`6 ; b2 + e34`1`2 ; b`1 + e34`1`2 ; b`2 + e56`3`4,no,no,VI-VI.1,"VI-VI.1, VI-VI.3, VI-VI.10, VI-VI.12, VI-VI.19","left: identity  |  right: 1->3, 2->4, 3->5, 4->6, 5->1, 6->2","= VI-VI.1.  E2/E3 permutation -- holomorphic: identity; anti-holomorphic: 1->3, 2->4, 3->5, 4->6, 5->1, 6->2.  E1 change of basis (E = 1+S+Sb) -- B1b -> B2b; B2b -> B1b + B2b + E (B1, B2 unchanged)"
52,"(1,1)","(1,1,0,0)","(1,1)","(1,1,0,0)","(0,0,0,0,1,1)","(1,0,1,0,0,0)","(0,0,1,0,1,0)","(0,0,0,1,0,1)",VI-VI.18,b1 + e12`5`6 ; b2 + e34`1`3 ; b`1 + e35`1`2 ; b`2 + e46`3`4,no,no,VI-VI.2,"VI-VI.2, VI-VI.4, VI-VI.7, VI-VI.9, VI-VI.20, VI-VI.11, VI-VI.13, VI-VI.16","left: identity  |  right: 1->3, 2->4, 3->5, 4->6, 5->1, 6->2","= VI-VI.2.  E2/E3 permutation -- holomorphic: identity; anti-holomorphic: 1->3, 2->4, 3->5, 4->6, 5->1, 6->2.  E1 change of basis (E = 1+S+Sb) -- B1b -> B2b; B2b -> B1b + B2b + E (B1, B2 unchanged)"
53,"(1,1)","(1,1,0,0)","(1,1)","(1,1,0,0)","(0,0,0,0,1,1)","(0,0,1,1,0,0)","(0,0,0,0,1,1)","(0,0,1,1,0,0)",VI-VI.19,b1 + e12`5`6 ; b2 + e34`3`4 ; b`1 + e56`1`2 ; b`2 + e34`3`4,no,no,VI-VI.1,"VI-VI.1, VI-VI.3, VI-VI.10, VI-VI.12, VI-VI.17","left: identity  |  right: 1->5, 2->6, 5->1, 6->2","= VI-VI.1.  E2/E3 permutation -- holomorphic: identity; anti-holomorphic: 1->5, 2->6, 5->1, 6->2.  E1 change of basis (E = 1+S+Sb) -- B1b -> B1b + B2b + E (B1, B2, B2b unchanged)"
